Name,Distance (AU),Velocity (m/s),Direction (radians)
Sun,0.00535,10.64568,1.42009
Mercury,0.43699,41561.50216,5.23086
Venus,0.72658,35117.80503,1.06205
Earth,0.98821,30303.31568,1.80632
Mars,1.59661,22945.68219,3.60621
Jupiter,5.24664,12930.31004,4.71150
Saturn,9.14523,10057.56459,2.41872
Uranus,19.84564,6574.74271,5.43033
Neptune,30.16857,5416.92975,5.13674
