Name,Color (RGB),Radius (km),Mass (kg),Distance (AU),Velocity (m/s),Direction (radians),Max_Trail_Length
Sun,"(255, 255, 0)",6963400,1.9884700000000005e+30,0.00408,10.55944,4.7937,100
Mercury,"(255, 0, 0)",2440,3.3011e+23,0.46897,39011.50988,4.29919,200
Venus,"(255, 165, 0)",6052,4.8675e+24,0.72665,35000.93033,3.94738,600
Earth,"(0, 0, 255)",6371,5.9722e+24,0.97915,30269.98079,1.84082,800
Mars,"(255, 0, 0)",3390,6.4171e+23,1.66368,21971.31218,2.78763,2000
Jupiter,"(255, 222, 173)",69911,1.8982e+27,5.28385,12843.15594,2.23878,10000
Saturn,"(210, 180, 140)",58232,5.6834e+26,9.6906,9495.17328,6.02861,20000
Uranus,"(0, 0, 128)",25362,8.681e+25,18.87143,6918.76542,4.17726,50000
Neptune,"(0, 0, 255)",24622,1.02413e+26,29.84532,5475.54036,1.29921,200000
