Name,Color (RGB),Radius (km),Mass (kg),Distance (AU),Velocity (m/s),Direction (radians),Max_Trail_Length
Sun,"(255, 255, 0)",6963400,1.98847e30,0,0,0,100
Mercury,"(255, 0, 0)",2440,3.3011e23,0.393,47362,pi / 2,200
Venus,"(255, 165, 0)",6052,4.8675e24,0.723,35021.4,pi / 2,600
Earth,"(0, 0, 255)",6371,5.9722e24,1,29784.8,pi / 2,800
Mars,"(255, 0, 0)",3390,6.4171e23,1.52,24130.8,pi / 2,2000
Jupiter,"(255, 222, 173)",69911,1.8982e27,5.203,13070,pi / 2,10000
Saturn,"(210, 180, 140)",58232,5.6834e26,9.737,9690,pi / 2,20000
Uranus,"(0, 0, 128)",25362,8.6810e25,19.610,6810,pi / 2,50000
Neptune,"(0, 0, 255)",24622,1.02413e26,29.897,5430,pi / 2,200000
