Name,Distance (AU),Velocity (m/s),Direction (radians)
Sun,0.00463,8.98464,0.37799
Mercury,0.31762,52219.54219,0.60747
Venus,0.66196,34749.87830,-1.61860
Earth,0.90583,30207.28054,1.76660
Mars,1.40961,23685.28313,0.33680
Jupiter,5.39521,11567.48197,-2.75982
Saturn,9.01932,9474.03745,0.63850
Uranus,18.30382,6525.23086,-3.03956
Neptune,28.78463,5267.45799,-2.14182
