Name,Distance (AU),Velocity (m/s),Direction (radians)
Sun,0.00494,10.62898,1.42009
Mercury,0.38824,40714.01823,-1.05232
Venus,0.68333,34147.20548,1.06205
Earth,0.91048,30189.98788,1.80632
Mars,1.57106,21390.66225,-2.67697
Jupiter,4.82208,12930.28288,-1.57169
Saturn,8.74721,9769.18309,2.41872
Uranus,18.79359,6398.43554,-0.85286
Neptune,28.17054,5371.78636,-1.14645
